filename,url
434656-PONTA EIXO-CUBO FORJ (00)F6,https://drive.google.com/file/d/1vix64zLkcxh_mehxoq-TBCaMMDFjCmXP/view
025600-HASTE ESTABILIZADORA LD/LE - EIXO F4/6,https://drive.google.com/file/d/1Fn-z5bZUpkZFoSQDqhiMp9xOmOvfq-MK/view
420074-ENGATE BALANCIM - EIXO BAL FT5,https://drive.google.com/file/d/1ntxXObJfQo91kO4Pu7-g15lKxxGrg8Gz/view
437700-CORPO LIMIT GIRO - EIX DIAT FT5,https://drive.google.com/file/d/1XLQ2OP8Ar986Jk5JLuUvW983DsZqtIDt/view
496522-TUBO EIXO - EIXO SIMPL FT5,https://drive.google.com/file/d/1exVgaHo1SHzk3v49rtOsCfXSk5EIsvZR/view
447043-PORTA ICAMENTO - EIXO SS (M98) F,https://drive.google.com/file/d/1_e3Ebu9QDJ--JxMyBSYjubhcUkcOOQoR/view
025573-REFORÇO DA PLACA-EIXO DIANT F4/6 (NOV13...),https://drive.google.com/file/d/1yCk6BS9SQI16dWN24NO0dq3QjDGPJ9WY/view
439990-COMPL PORT ICAM EIXO SS (M98) F,https://drive.google.com/file/d/1xN87RoyY18d5KfW5tbowjvkbVfQaTfDa/view
417294-PONTA DE EIXO - EIXO BAL TANDEM FA4,https://drive.google.com/file/d/1bzshNMJ4mgCKPxS2ExFbABbBlCBzB6Ze/view
031243-TUBO BALANCIM TANDEM 6T,https://drive.google.com/file/d/1EuGbRmzQtQw1VTtD7uwerdf7F3ZVyGt6/view
025655-SAPATA DO EIXO C/MOLA CBH/CBHM (NOV13...),https://drive.google.com/file/d/1S-hOc4q9YLML31MldCR2L33wMU9PzZ3e/view
025833-MANCAL CENTRAL DO EIXO - CBHM/CBH 6T 02 Eixos (M14),https://drive.google.com/file/d/1_DTcDlUAMF2zHX5xA5ZuuxYDLEjLBdlN/view
025845-REF INFERIOR DO EIXO - CBHM 6000 2E (M14),https://drive.google.com/file/d/1Rki7a18QpahLfL2i_8apeCT3Rv--Txsx/view
025604-PINO SUPORTE FREIO-EIXO (NOV13...),https://drive.google.com/file/d/1R7b8jamSrInPSUo-EFTOiwO2eItji2mZ/view
453341-SUP VARAO FRENAG - FREIO U6P,https://drive.google.com/file/d/1LJ4i8C-4TCBkrLfrx-BMPNu2zVSpg_M5/view
030191-CORPO DO VARÃO DE FRENAGEM - TANDEM C/ FREIO,https://drive.google.com/file/d/19z8Mheem37_71eBOEhBn-QAZhBR2qEWQ/view
444698-PINO COMPLEM EIXO-E TRAS F4CC,https://drive.google.com/file/d/1RB5oEkP4C4Sm6jyR7dpV1PcgDNuQgKJb/view
436884-COMPLEM EXCENT - EIXO TRAS F4C,https://drive.google.com/file/d/18XOhnB1ChvXhWxb5Oqzl-6z5byOqVMoN/view
433860-BUCHA CENTRAL UVA,https://drive.google.com/file/d/1vhzDzLM55OgINxixF2RKJEMp_utOFzXw/view
025588-SUPORTE FREIO-EIXO (NOV13...),https://drive.google.com/file/d/1Rw-N5WdphBT9Xb1VaceghLzxBeY46G-b/view
433860-BUCHA CENTRAL UVA,https://drive.google.com/file/d/1vhzDzLM55OgINxixF2RKJEMp_utOFzXw/view
033311-CORPO [EIXO DIANTEIRO - CBH12 M22],https://drive.google.com/file/d/1NNyBzNZ7o7VPX7bqleO_OuuvZ8hcQtbX/view
033315-SUPORTE IÇAMENTO [EIXO DIANTEIRO - CBH12],https://drive.google.com/file/d/1NjiP_e1RSznsgQidtMSIfC5YkOTdWodb/view
025697-ESPAÇADOR - EIXO FAMFI/FB (JAN/2014...),https://drive.google.com/file/d/1dhL5v0v3Ok1UiTIxIJ1jjiL0I8MBnkn8/view
429995-CORPO VARAO FREN - EIXO F4CC,https://drive.google.com/file/d/1veYvbZepNw0FYEuwlr5PeJyXnapjPf_m/view
466797-CORPO VARAO ACION FREIO (4500RD) - CBH,https://drive.google.com/file/d/1NWoQ3qogm2LKjlXHeM48WLlbGgu6kXoU/view